question,options,answer,feedback
Which of the following is NOT a component of the marketing mix (4Ps)?,"Product, Price, Promotion, Profit",Profit,The correct answer is Profit.
The process of dividing a market into distinct groups of buyers is called?,"Market segmentation, Target marketing, Market positioning, Market diversification",Market segmentation,The correct answer is Market segmentation.
A short-term incentive to encourage the purchase of a product is known as?,"Advertising, Public relations, Sales promotion, Personal selling",Sales promotion,The correct answer is Sales promotion.
The amount of money charged for a product or service is referred to as?,"Fare, Price, Revenue, Cash",Price,The correct answer is Price.
An advertising medium with the highest coverage area is:,"Billboard, Catalogue, Magazine, Television",Television,The correct answer is Television.
A pricing strategy where the buyer and seller bargain is called:,"Cost-plus pricing, Haggling, Skimming pricing, Penetration pricing",Haggling,The correct answer is Haggling.
The process of organizing and interpreting information is known as:,"Motivation, Perception, Learning, Belief",Perception,The correct answer is Perception.
The set of tools used to implement a marketing strategy is called the:,"Marketing mix, Marketing strategy, Marketing concept, Marketing environment",Marketing mix,The correct answer is Marketing mix.
Marketing programs suited to specific areas are called:,"Mass marketing, Differentiated marketing, Micromarketing, Global marketing",Micromarketing,The correct answer is Micromarketing.
"Goods bought frequently, immediately, and with minimal effort are:","Convenience products, Shopping products, Specialty products, Unsought products",Convenience products,The correct answer is Convenience products.
Which of the following is NOT a component of the marketing mix (4Ps)? (Set 11),"Product, Price, Promotion, Profit",Profit,The correct answer is Profit.
The process of dividing a market into distinct groups of buyers is called? (Set 12),"Market segmentation, Target marketing, Market positioning, Market diversification",Market segmentation,The correct answer is Market segmentation.
A short-term incentive to encourage the purchase of a product is known as? (Set 13),"Advertising, Public relations, Sales promotion, Personal selling",Sales promotion,The correct answer is Sales promotion.
The amount of money charged for a product or service is referred to as? (Set 14),"Fare, Price, Revenue, Cash",Price,The correct answer is Price.
An advertising medium with the highest coverage area is: (Set 15),"Billboard, Catalogue, Magazine, Television",Television,The correct answer is Television.
A pricing strategy where the buyer and seller bargain is called: (Set 16),"Cost-plus pricing, Haggling, Skimming pricing, Penetration pricing",Haggling,The correct answer is Haggling.
The process of organizing and interpreting information is known as: (Set 17),"Motivation, Perception, Learning, Belief",Perception,The correct answer is Perception.
The set of tools used to implement a marketing strategy is called the: (Set 18),"Marketing mix, Marketing strategy, Marketing concept, Marketing environment",Marketing mix,The correct answer is Marketing mix.
Marketing programs suited to specific areas are called: (Set 19),"Mass marketing, Differentiated marketing, Micromarketing, Global marketing",Micromarketing,The correct answer is Micromarketing.
"Goods bought frequently, immediately, and with minimal effort are: (Set 20)","Convenience products, Shopping products, Specialty products, Unsought products",Convenience products,The correct answer is Convenience products.
Which of the following is NOT a component of the marketing mix (4Ps)? (Set 21),"Product, Price, Promotion, Profit",Profit,The correct answer is Profit.
The process of dividing a market into distinct groups of buyers is called? (Set 22),"Market segmentation, Target marketing, Market positioning, Market diversification",Market segmentation,The correct answer is Market segmentation.
A short-term incentive to encourage the purchase of a product is known as? (Set 23),"Advertising, Public relations, Sales promotion, Personal selling",Sales promotion,The correct answer is Sales promotion.
The amount of money charged for a product or service is referred to as? (Set 24),"Fare, Price, Revenue, Cash",Price,The correct answer is Price.
An advertising medium with the highest coverage area is: (Set 25),"Billboard, Catalogue, Magazine, Television",Television,The correct answer is Television.
A pricing strategy where the buyer and seller bargain is called: (Set 26),"Cost-plus pricing, Haggling, Skimming pricing, Penetration pricing",Haggling,The correct answer is Haggling.
The process of organizing and interpreting information is known as: (Set 27),"Motivation, Perception, Learning, Belief",Perception,The correct answer is Perception.
The set of tools used to implement a marketing strategy is called the: (Set 28),"Marketing mix, Marketing strategy, Marketing concept, Marketing environment",Marketing mix,The correct answer is Marketing mix.
Marketing programs suited to specific areas are called: (Set 29),"Mass marketing, Differentiated marketing, Micromarketing, Global marketing",Micromarketing,The correct answer is Micromarketing.
"Goods bought frequently, immediately, and with minimal effort are: (Set 30)","Convenience products, Shopping products, Specialty products, Unsought products",Convenience products,The correct answer is Convenience products.
Which of the following is NOT a component of the marketing mix (4Ps)? (Set 31),"Product, Price, Promotion, Profit",Profit,The correct answer is Profit.
The process of dividing a market into distinct groups of buyers is called? (Set 32),"Market segmentation, Target marketing, Market positioning, Market diversification",Market segmentation,The correct answer is Market segmentation.
A short-term incentive to encourage the purchase of a product is known as? (Set 33),"Advertising, Public relations, Sales promotion, Personal selling",Sales promotion,The correct answer is Sales promotion.
The amount of money charged for a product or service is referred to as? (Set 34),"Fare, Price, Revenue, Cash",Price,The correct answer is Price.
An advertising medium with the highest coverage area is: (Set 35),"Billboard, Catalogue, Magazine, Television",Television,The correct answer is Television.
A pricing strategy where the buyer and seller bargain is called: (Set 36),"Cost-plus pricing, Haggling, Skimming pricing, Penetration pricing",Haggling,The correct answer is Haggling.
The process of organizing and interpreting information is known as: (Set 37),"Motivation, Perception, Learning, Belief",Perception,The correct answer is Perception.
The set of tools used to implement a marketing strategy is called the: (Set 38),"Marketing mix, Marketing strategy, Marketing concept, Marketing environment",Marketing mix,The correct answer is Marketing mix.
Marketing programs suited to specific areas are called: (Set 39),"Mass marketing, Differentiated marketing, Micromarketing, Global marketing",Micromarketing,The correct answer is Micromarketing.
"Goods bought frequently, immediately, and with minimal effort are: (Set 40)","Convenience products, Shopping products, Specialty products, Unsought products",Convenience products,The correct answer is Convenience products.
